{
  "Naive Bayes": {
    "accuracy": 0.9848,
    "precision": 0.9853,
    "recall": 0.8993,
    "f1": 0.9404,
    "roc_auc": 0.9888,
    "cv_f1": 0.9459,
    "confusion_matrix": [
      [
        964,
        2
      ],
      [
        15,
        134
      ]
    ],
    "roc_fpr": [
      0.0,
      0.0,
      0.0,
      0.0,
      0.0,
      0.0,
      0.0,
      0.0,
      0.0,
      0.0,
      0.0,
      0.0,
      0.0,
      0.0,
      0.0,
      0.0,
      0.0,
      0.001035,
      0.001035,
      0.00207,
      0.00207,
      0.004141,
      0.004141,
      0.005176,
      0.005176,
      0.007246,
      0.007246,
      0.012422,
      0.012422,
      0.015528,
      0.019669,
      0.022774,
      0.022774,
      0.032091,
      0.032091,
      0.035197,
      0.035197,
      0.037267,
      0.037267,
      0.084886,
      0.086957,
      0.091097,
      0.091097,
      0.144928,
      0.146998,
      0.1853,
      0.187371,
      0.189441,
      0.191511,
      0.196687,
      0.196687,
      0.208075,
      0.21118,
      0.319876,
      0.321946,
      0.345756,
      0.347826,
      0.358178,
      0.360248,
      0.361284,
      0.363354,
      0.47619,
      0.47619,
      0.480331,
      0.482402,
      0.482402,
      0.549689,
      0.55176,
      0.570393,
      0.572464,
      0.704969,
      0.707039,
      0.714286,
      0.716356,
      0.720497,
      0.722567,
      0.750518,
      0.752588,
      0.884058,
      0.886128,
      0.89234,
      0.89441,
      0.928571,
      0.935818,
      1.0
    ],
    "roc_tpr": [
      0.0,
      0.006711,
      0.013423,
      0.026846,
      0.04698,
      0.060403,
      0.187919,
      0.201342,
      0.228188,
      0.241611,
      0.288591,
      0.308725,
      0.395973,
      0.416107,
      0.536913,
      0.550336,
      0.825503,
      0.825503,
      0.879195,
      0.879195,
      0.899329,
      0.899329,
      0.90604,
      0.90604,
      0.912752,
      0.912752,
      0.919463,
      0.919463,
      0.926174,
      0.926174,
      0.932886,
      0.932886,
      0.939597,
      0.939597,
      0.946309,
      0.946309,
      0.959732,
      0.959732,
      0.966443,
      0.966443,
      0.966443,
      0.966443,
      0.973154,
      0.973154,
      0.973154,
      0.973154,
      0.973154,
      0.973154,
      0.973154,
      0.973154,
      0.986577,
      0.986577,
      0.986577,
      0.986577,
      0.986577,
      0.986577,
      0.986577,
      0.986577,
      0.986577,
      0.986577,
      0.986577,
      0.986577,
      0.993289,
      0.993289,
      0.993289,
      1.0,
      1.0,
      1.0,
      1.0,
      1.0,
      1.0,
      1.0,
      1.0,
      1.0,
      1.0,
      1.0,
      1.0,
      1.0,
      1.0,
      1.0,
      1.0,
      1.0,
      1.0,
      1.0,
      1.0
    ]
  },
  "Logistic Regression": {
    "accuracy": 0.983,
    "precision": 0.9924,
    "recall": 0.8792,
    "f1": 0.9324,
    "roc_auc": 0.9907,
    "cv_f1": 0.9407,
    "confusion_matrix": [
      [
        965,
        1
      ],
      [
        18,
        131
      ]
    ],
    "roc_fpr": [
      0.0,
      0.0,
      0.0,
      0.0,
      0.0,
      0.0,
      0.0,
      0.0,
      0.0,
      0.0,
      0.0,
      0.0,
      0.0,
      0.0,
      0.0,
      0.0,
      0.0,
      0.001035,
      0.001035,
      0.00207,
      0.00207,
      0.003106,
      0.003106,
      0.016563,
      0.016563,
      0.049689,
      0.049689,
      0.052795,
      0.052795,
      0.072464,
      0.074534,
      0.078675,
      0.078675,
      0.132505,
      0.132505,
      0.174948,
      0.177019,
      0.180124,
      0.184265,
      0.245342,
      0.247412,
      0.298137,
      0.300207,
      0.324017,
      0.324017,
      0.346791,
      0.348861,
      0.387164,
      0.389234,
      0.401656,
      0.403727,
      0.442029,
      0.444099,
      0.459627,
      0.461698,
      0.5,
      0.50207,
      0.511387,
      0.511387,
      0.522774,
      0.524845,
      0.55383,
      0.555901,
      0.602484,
      0.609731,
      0.624224,
      0.626294,
      0.664596,
      0.666667,
      0.670807,
      0.672878,
      0.681159,
      0.68323,
      0.751553,
      0.753623,
      0.964803,
      0.967909,
      1.0
    ],
    "roc_tpr": [
      0.0,
      0.006711,
      0.040268,
      0.053691,
      0.107383,
      0.120805,
      0.167785,
      0.181208,
      0.201342,
      0.214765,
      0.261745,
      0.281879,
      0.362416,
      0.375839,
      0.66443,
      0.684564,
      0.805369,
      0.805369,
      0.892617,
      0.892617,
      0.926174,
      0.926174,
      0.946309,
      0.946309,
      0.95302,
      0.95302,
      0.959732,
      0.959732,
      0.966443,
      0.966443,
      0.966443,
      0.966443,
      0.973154,
      0.973154,
      0.979866,
      0.979866,
      0.979866,
      0.979866,
      0.986577,
      0.986577,
      0.986577,
      0.986577,
      0.986577,
      0.986577,
      0.993289,
      0.993289,
      0.993289,
      0.993289,
      0.993289,
      0.993289,
      0.993289,
      0.993289,
      0.993289,
      0.993289,
      0.993289,
      0.993289,
      0.993289,
      0.993289,
      1.0,
      1.0,
      1.0,
      1.0,
      1.0,
      1.0,
      1.0,
      1.0,
      1.0,
      1.0,
      1.0,
      1.0,
      1.0,
      1.0,
      1.0,
      1.0,
      1.0,
      1.0,
      1.0,
      1.0
    ]
  },
  "Linear SVM": {
    "accuracy": 0.9874,
    "precision": 0.9856,
    "recall": 0.9195,
    "f1": 0.9514,
    "roc_auc": 0.9901,
    "cv_f1": 0.956,
    "confusion_matrix": [
      [
        964,
        2
      ],
      [
        12,
        137
      ]
    ],
    "roc_fpr": [
      0.0,
      0.0,
      0.0,
      0.0,
      0.0,
      0.0,
      0.0,
      0.0,
      0.0,
      0.0,
      0.0,
      0.0,
      0.0,
      0.0,
      0.0,
      0.001035,
      0.001035,
      0.00207,
      0.00207,
      0.006211,
      0.006211,
      0.010352,
      0.010352,
      0.015528,
      0.015528,
      0.037267,
      0.037267,
      0.123188,
      0.123188,
      0.134576,
      0.136646,
      0.180124,
      0.182195,
      0.193582,
      0.198758,
      0.212215,
      0.214286,
      0.255694,
      0.255694,
      0.282609,
      0.284679,
      0.300207,
      0.302277,
      0.322981,
      0.330228,
      0.358178,
      0.358178,
      0.391304,
      0.393375,
      0.432712,
      0.434783,
      0.461698,
      0.461698,
      0.505176,
      0.507246,
      0.559006,
      0.561077,
      0.571429,
      0.573499,
      0.593168,
      0.595238,
      0.596273,
      0.598344,
      0.638716,
      0.640787,
      0.693582,
      0.695652,
      0.724638,
      0.726708,
      0.76294,
      0.76501,
      0.805383,
      0.807453,
      0.924431,
      0.927536,
      1.0
    ],